shared name,Description,Sequence Status,Sequence Length,ID,Genus,Species,Domain number,Other,Kingdom,Phylum,Class
A0A0A0V7H3,gi|712037587|gb|AIW63285.1| Azadinium spinosum 2 domains,complete,364,gi|712037587|gb|AIW63285.1|,Azadinium,spinosum,2,domains,Chromista,Myzozoa,Dinophyceae
A0A0A0V883,gi|712037591|gb|AIW63287.1| Azadinium spinosum 3 domains,complete,392,gi|712037591|gb|AIW63287.1|,Azadinium,spinosum,3,domains,Chromista,Myzozoa,Dinophyceae
A0A0A0V936,gi|712037593|gb|AIW63288.1| Azadinium spinosum 2 domains,complete,378,gi|712037593|gb|AIW63288.1|,Azadinium,spinosum,2,domains,Chromista,Myzozoa,Dinophyceae
A0A0A0VBH5,gi|712037596|gb|AIW63289.1| Azadinium spinosum 2 domains,complete,358,gi|712037596|gb|AIW63289.1|,Azadinium,spinosum,2,domains,Chromista,Myzozoa,Dinophyceae
A0A0A1VZH7,gi|718247777|dbj|GAL95160.1| Microcystis aeruginosa 5 domains,complete,374,gi|718247777|dbj|GAL95160.1|,Microcystis,aeruginosa,5,domains,Bacteria,Cyanobacteria,Cyanophyceae
A0A0F6MY21,gi|595389390|gb|AHM27264.1| Gambierdiscus polynesiensis 2 domains,complete,397,gi|595389390|gb|AHM27264.1|,Gambierdiscus,polynesiensis,2,domains,Chromista,Myzozoa,Dinophyceae
A0A0F6Y5N0,gi|818211088|gb|AKG25416.1| Hematodinium sp. 9 domains,fragment,374,gi|818211088|gb|AKG25416.1|,Hematodinium,sp.,9,domains,Chromista,Myzozoa,Dinophyceae
A0A0F7C9F6,gi|818211082|gb|AKG25413.1| Hematodinium sp. 15 domains,complete,402,gi|818211082|gb|AKG25413.1|,Hematodinium,sp.,15,domains,Chromista,Myzozoa,Dinophyceae
A0A0F7EVT3,gi|818211086|gb|AKG25415.1| Hematodinium sp. 10 domains,complete,393,gi|818211086|gb|AKG25415.1|,Hematodinium,sp.,10,domains,Chromista,Myzozoa,Dinophyceae
A0A0F7EWD5,gi|818211084|gb|AKG25414.1| Hematodinium sp. 13 domains,complete,373,gi|818211084|gb|AKG25414.1|,Hematodinium,sp.,13,domains,Chromista,Myzozoa,Dinophyceae
A0A0F7EWT2,gi|818211090|gb|AKG25417.1| Hematodinium sp. 18 domains,fragment,370,gi|818211090|gb|AKG25417.1|,Hematodinium,sp.,18,domains,Chromista,Myzozoa,Dinophyceae
A0A0K1RZ34,gi|914399379|gb|AKV67048.1| Microcystis panniformis 6 domains,complete,407,gi|914399379|gb|AKV67048.1|,Microcystis,panniformis,6,domains,Bacteria,Cyanobacteria,Cyanophyceae
A0A0K1S785,gi|914402333|gb|AKV70002.1| Microcystis panniformis 6 domains,complete,374,gi|914402333|gb|AKV70002.1|,Microcystis,panniformis,6,domains,Bacteria,Cyanobacteria,Cyanophyceae
A0A0K1S7H5,gi|914402410|gb|AKV70079.1| Microcystis panniformis 7 domains,complete,377,gi|914402410|gb|AKV70079.1|,Microcystis,panniformis,7,domains,Bacteria,Cyanobacteria,Cyanophyceae
A0A0K1S7I3,gi|914402336|gb|AKV70005.1| Microcystis panniformis 5 domains,complete,405,gi|914402336|gb|AKV70005.1|,Microcystis,panniformis,5,domains,Bacteria,Cyanobacteria,Cyanophyceae
A0A0K1S7J6,gi|914402334|gb|AKV70003.1| Microcystis panniformis 7 domains,complete,375,gi|914402334|gb|AKV70003.1|,Microcystis,panniformis,7,domains,Bacteria,Cyanobacteria,Cyanophyceae
A0A0K1S7Q2,gi|914402411|gb|AKV70080.1| Microcystis panniformis 6 domains,complete,372,gi|914402411|gb|AKV70080.1|,Microcystis,panniformis,6,domains,Bacteria,Cyanobacteria,Cyanophyceae
A0A0K2LUF3,gi|924654765|ref|WP_053537786.1| Anabaena sp. 3 domains,complete,398,gi|924654765|ref|WP_053537786.1|,Anabaena,sp.,3,domains,Bacteria,Cyanobacteria,Cyanophyceae
A0A0K2LV51,gi|924287914|gb|ALB39678.1| Anabaena sp. 7 domains,complete,404,gi|924287914|gb|ALB39678.1|,Anabaena,sp.,7,domains,Bacteria,Cyanobacteria,Cyanophyceae
A0A0K2M5S0,gi|924658140|ref|WP_053541161.1| Anabaena sp. 2 domains,complete,399,gi|924658140|ref|WP_053541161.1|,Anabaena,sp.,2,domains,Bacteria,Cyanobacteria,Cyanophyceae
A0A0P0YL78,gi|941355196|dbj|BAT21732.1| Karenia mikimotoi 2 domains,fragment,386,gi|941355196|dbj|BAT21732.1|,Karenia,mikimotoi,2,domains,Chromista,Myzozoa,Dinophyceae
A0A0P0YL82,gi|941355198|dbj|BAT21733.1| Karenia mikimotoi 2 domains,fragment,339,gi|941355198|dbj|BAT21733.1|,Karenia,mikimotoi,2,domains,Chromista,Myzozoa,Dinophyceae
A0A0P0YLQ1,gi|941355188|dbj|BAT21728.1| Karenia mikimotoi 2 domains,complete,389,gi|941355188|dbj|BAT21728.1|,Karenia,mikimotoi,2,domains,Chromista,Myzozoa,Dinophyceae
A0A0U2SPA1,gi|966028630|gb|ALT22104.1| Anabaena sp. 6 domains,complete,376,gi|966028630|gb|ALT22104.1|,Anabaena,sp.,6,domains,Bacteria,Cyanobacteria,Cyanophyceae
A0A150G8N0,gi|1004138199|gb|KXZ46216.1| Gonium pectorale 31 domains,complete,372,gi|1004138199|gb|KXZ46216.1|,Gonium,pectorale,31,domains,Viridiplantae,Chlorophyta,core chlorophytes
A0A178UMH0,gi|332007980|gb|AED95363.1| Arabidopsis thaliana 2 domains,complete,367,gi|332007980|gb|AED95363.1|,Arabidopsis,thaliana,2,domains,Viridiplantae,Streptophyta,Magnoliopsida
A0A1B7VD27,gi|1039168904|gb|OBQ14115.1| Anabaena sp. 6 domains,complete,406,gi|1039168904|gb|OBQ14115.1|,Anabaena,sp.,6,domains,Bacteria,Cyanobacteria,Cyanophyceae
A0A1B7WRW2,gi|1039198869|gb|OBQ39837.1| Anabaena sp. 6 domains,complete,406,gi|1039198869|gb|OBQ39837.1|,Anabaena,sp.,6,domains,Bacteria,Cyanobacteria,Cyanophyceae
A0A1L7NR40,gi|1111745713|dbj|BAW32334.1| Microcystis  16 domains,complete,374,gi|1111745713|dbj|BAW32334.1|,Microcystis,16,domains,,Bacteria,Cyanobacteria,Cyanophyceae
A0A1Q9C281,gi|1129164912|gb|OLP77034.1| Symbiodinium microadriaticum 4 domains,complete,379,gi|1129164912|gb|OLP77034.1|,Symbiodinium,microadriaticum,4,domains,Chromista,Myzozoa,Dinophyceae
A0A1Q9C2T1,gi|1129165202|gb|OLP77217.1| Symbiodinium microadriaticum 3 domains,complete,368,gi|1129165202|gb|OLP77217.1|,Symbiodinium,microadriaticum,3,domains,Chromista,Myzozoa,Dinophyceae
A0A1Q9C7F7,gi|1129167743|gb|OLP78851.1| Symbiodinium microadriaticum 17 domains,complete,2141,gi|1129167743|gb|OLP78851.1|,Symbiodinium,microadriaticum,17,domains,Chromista,Myzozoa,Dinophyceae
A0A1Q9CF81,gi|1129171706|gb|OLP81580.1| Symbiodinium microadriaticum 7 domains,complete,375,gi|1129171706|gb|OLP81580.1|,Symbiodinium,microadriaticum,7,domains,Chromista,Myzozoa,Dinophyceae
A0A1Q9CLZ0,gi|1129175031|gb|OLP83938.1| Symbiodinium microadriaticum 5 domains,complete,372,gi|1129175031|gb|OLP83938.1|,Symbiodinium,microadriaticum,5,domains,Chromista,Myzozoa,Dinophyceae
A0A1Q9CNE7,gi|1129175752|gb|OLP84449.1| Symbiodinium microadriaticum 6 domains,complete,665,gi|1129175752|gb|OLP84449.1|,Symbiodinium,microadriaticum,6,domains,Chromista,Myzozoa,Dinophyceae
A0A1Q9CQX4,gi|1129176947|gb|OLP85322.1| Symbiodinium microadriaticum 18 domains,complete,371,gi|1129176947|gb|OLP85322.1|,Symbiodinium,microadriaticum,18,domains,Chromista,Myzozoa,Dinophyceae
A0A1Q9CSP4,gi|1129177758|gb|OLP85931.1| Symbiodinium microadriaticum 17 domains,complete,322,gi|1129177758|gb|OLP85931.1|,Symbiodinium,microadriaticum,17,domains,Chromista,Myzozoa,Dinophyceae
A0A1Q9CUY5,gi|1129178819|gb|OLP86709.1| Symbiodinium microadriaticum 2 domains,complete,374,gi|1129178819|gb|OLP86709.1|,Symbiodinium,microadriaticum,2,domains,Chromista,Myzozoa,Dinophyceae
A0A1Q9CVT3,gi|1129179243|gb|OLP87030.1| Symbiodinium microadriaticum 4 domains,complete,347,gi|1129179243|gb|OLP87030.1|,Symbiodinium,microadriaticum,4,domains,Chromista,Myzozoa,Dinophyceae
A0A1Q9CYS1,gi|1129180469|gb|OLP88021.1| Symbiodinium microadriaticum 8 domains,complete,299,gi|1129180469|gb|OLP88021.1|,Symbiodinium,microadriaticum,8,domains,Chromista,Myzozoa,Dinophyceae
A0A1Q9CZV9,gi|1129180994|gb|OLP88440.1| Symbiodinium microadriaticum 3 domains,complete,394,gi|1129180994|gb|OLP88440.1|,Symbiodinium,microadriaticum,3,domains,Chromista,Myzozoa,Dinophyceae
A0A1Q9D3V0,gi|1129182889|gb|OLP89862.1| Symbiodinium microadriaticum 5 domains,complete,374,gi|1129182889|gb|OLP89862.1|,Symbiodinium,microadriaticum,5,domains,Chromista,Myzozoa,Dinophyceae
A0A1Q9DK24,gi|1129190288|gb|OLP95547.1| Symbiodinium microadriaticum 4 domains,complete,361,gi|1129190288|gb|OLP95547.1|,Symbiodinium,microadriaticum,4,domains,Chromista,Myzozoa,Dinophyceae
A0A1Q9DK37,gi|1129190275|gb|OLP95534.1| Symbiodinium microadriaticum 2 domains,complete,348,gi|1129190275|gb|OLP95534.1|,Symbiodinium,microadriaticum,2,domains,Chromista,Myzozoa,Dinophyceae
A0A1Q9E5P3,gi|1129199229|gb|OLQ02729.1| Symbiodinium microadriaticum 8 domains,complete,348,gi|1129199229|gb|OLQ02729.1|,Symbiodinium,microadriaticum,8,domains,Chromista,Myzozoa,Dinophyceae
A0A1Q9EH56,gi|1129204260|gb|OLQ06784.1| Symbiodinium microadriaticum 21 domains,complete,381,gi|1129204260|gb|OLQ06784.1|,Symbiodinium,microadriaticum,21,domains,Chromista,Myzozoa,Dinophyceae
A0A1Q9EH80,gi|1129204261|gb|OLQ06785.1| Symbiodinium microadriaticum 33 domains,complete,370,gi|1129204261|gb|OLQ06785.1|,Symbiodinium,microadriaticum,33,domains,Chromista,Myzozoa,Dinophyceae
A0A1Q9EJF0,gi|1129205204|gb|OLQ07573.1| Symbiodinium microadriaticum 3 domains,complete,376,gi|1129205204|gb|OLQ07573.1|,Symbiodinium,microadriaticum,3,domains,Chromista,Myzozoa,Dinophyceae
A0A1Q9EMM9,gi|1129206593|gb|OLQ08682.1| Symbiodinium microadriaticum 2 domains,complete,378,gi|1129206593|gb|OLQ08682.1|,Symbiodinium,microadriaticum,2,domains,Chromista,Myzozoa,Dinophyceae
A0A1Q9F3Q2,gi|1129213410|gb|OLQ14315.1| Symbiodinium microadriaticum 8 domains,complete,366,gi|1129213410|gb|OLQ14315.1|,Symbiodinium,microadriaticum,8,domains,Chromista,Myzozoa,Dinophyceae
A0A1S6K7V6,gi|1149076674|gb|AQS99309.1| Gambierdiscus belizeanus 2 domains,complete,372,gi|1149076674|gb|AQS99309.1|,Gambierdiscus,belizeanus,2,domains,Chromista,Myzozoa,Dinophyceae
A0A1S6K7W0,gi|1149076402|gb|AQS99173.1| Gambierdiscus excentricus 2 domains,complete,378,gi|1149076402|gb|AQS99173.1|,Gambierdiscus,excentricus,2,domains,Chromista,Myzozoa,Dinophyceae
A0A1S6K7X0,gi|1149076462|gb|AQS99203.1| Gambierdiscus excentricus 3 domains,complete,337,gi|1149076462|gb|AQS99203.1|,Gambierdiscus,excentricus,3,domains,Chromista,Myzozoa,Dinophyceae
A0A1S6K7Y2,gi|1149076564|gb|AQS99254.1| Gambierdiscus excentricus 3 domains,complete,378,gi|1149076564|gb|AQS99254.1|,Gambierdiscus,excentricus,3,domains,Chromista,Myzozoa,Dinophyceae
A0A1S6K801,gi|1149076666|gb|AQS99305.1| Gambierdiscus polynesiensis 38 domains,complete,400,gi|1149076666|gb|AQS99305.1|,Gambierdiscus,polynesiensis,38,domains,Chromista,Myzozoa,Dinophyceae
A0A1S6K807,gi|1149076408|gb|AQS99176.1| Gambierdiscus australes 2 domains,complete,372,gi|1149076408|gb|AQS99176.1|,Gambierdiscus,australes,2,domains,Chromista,Myzozoa,Dinophyceae
A0A1S6K820,gi|1149076450|gb|AQS99197.1| Gambierdiscus polynesiensis 2 domains,complete,371,gi|1149076450|gb|AQS99197.1|,Gambierdiscus,polynesiensis,2,domains,Chromista,Myzozoa,Dinophyceae
A0A1S6K826,gi|1149076398|gb|AQS99171.1| Gambierdiscus australes 2 domains,complete,372,gi|1149076398|gb|AQS99171.1|,Gambierdiscus,australes,2,domains,Chromista,Myzozoa,Dinophyceae
A0A1S6K846,gi|1149076536|gb|AQS99240.1| Gambierdiscus excentricus 2 domains,complete,396,gi|1149076536|gb|AQS99240.1|,Gambierdiscus,excentricus,2,domains,Chromista,Myzozoa,Dinophyceae
A0A1S6K879,gi|1149076676|gb|AQS99310.1| Gambierdiscus excentricus 2 domains,complete,377,gi|1149076676|gb|AQS99310.1|,Gambierdiscus,excentricus,2,domains,Chromista,Myzozoa,Dinophyceae
A0A1S6K886,gi|1149076688|gb|AQS99316.1| Gambierdiscus polynesiensis 3 domains,complete,355,gi|1149076688|gb|AQS99316.1|,Gambierdiscus,polynesiensis,3,domains,Chromista,Myzozoa,Dinophyceae
A0A1S6K8C3,gi|1149076460|gb|AQS99202.1| Gambierdiscus belizeanus 2 domains,complete,372,gi|1149076460|gb|AQS99202.1|,Gambierdiscus,belizeanus,2,domains,Chromista,Myzozoa,Dinophyceae
A0A2H4QGW9,gi|1279571830|gb|ATX68109.1| Anabaena sp. 32 domains,complete,379,gi|1279571830|gb|ATX68109.1|,Anabaena,sp.,32,domains,Bacteria,Cyanobacteria,Cyanophyceae
A0A2H4QGY4,gi|1279571831|gb|ATX68110.1| Anabaena sp. 42 domains,complete,362,gi|1279571831|gb|ATX68110.1|,Anabaena,sp.,42,domains,Bacteria,Cyanobacteria,Cyanophyceae
A0A2H4QGZ4,gi|1279571832|gb|ATX68111.1| Anabaena sp. 20 domains,complete,373,gi|1279571832|gb|ATX68111.1|,Anabaena,sp.,20,domains,Bacteria,Cyanobacteria,Cyanophyceae
A0A2H4QGZ6,gi|1279571833|gb|ATX68112.1| Anabaena sp. 20 domains,complete,379,gi|1279571833|gb|ATX68112.1|,Anabaena,sp.,20,domains,Bacteria,Cyanobacteria,Cyanophyceae
A0A2H4QH02,gi|1279571837|gb|ATX68116.1| Anabaena sp. 8 domains,complete,386,gi|1279571837|gb|ATX68116.1|,Anabaena,sp.,8,domains,Bacteria,Cyanobacteria,Cyanophyceae
A0A2L2XUZ6,gi|1345631342|dbj|GBF54306.1| Microcystis sp. 5 domains,complete,394,gi|1345631342|dbj|GBF54306.1|,Microcystis,sp.,5,domains,Bacteria,Cyanobacteria,Cyanophyceae
A0A2P1UFX5,gi|1370747693|gb|AVQ71833.1| Microcystis sp. 8 domains,complete,375,gi|1370747693|gb|AVQ71833.1|,Microcystis,sp.,8,domains,Bacteria,Cyanobacteria,Cyanophyceae
A0A2P6TTG2,gi|1359821851|gb|PRW57359.1| Chlorella sorokiniana 70 domains,complete,358,gi|1359821851|gb|PRW57359.1|,Chlorella,sorokiniana,70,domains,Plantae,Chlorophyta,Trebouxiophyceae
A0A2P6U556,gi|1359826553|gb|PRW61437.1| Chlorella sorokiniana 43 domains,complete,648,gi|1359826553|gb|PRW61437.1|,Chlorella,sorokiniana,43,domains,Plantae,Chlorophyta,Trebouxiophyceae
A0A2T1BZ57,gi|1360376622|gb|PSB01282.1| Merismopedia glauca 4 domains,complete,384,gi|1360376622|gb|PSB01282.1|,Merismopedia,glauca,4,domains,Bacteria,Cyanobacteria,Cyanophyceae
A0A2T1BZC7,gi|1360376726|gb|PSB01380.1| Merismopedia glauca 6 domains,complete,377,gi|1360376726|gb|PSB01380.1|,Merismopedia,glauca,6,domains,Bacteria,Cyanobacteria,Cyanophyceae
A0A2T1C6Y5,gi|1360379430|gb|PSB03928.1| Merismopedia glauca 6 domains,complete,408,gi|1360379430|gb|PSB03928.1|,Merismopedia,glauca,6,domains,Bacteria,Cyanobacteria,Cyanophyceae
A0A2Z6UVL5,gi|1398324898|dbj|GBL09888.1| Microcystis  3 domains,complete,411,gi|1398324898|dbj|GBL09888.1|,Microcystis,3,domains,,Bacteria,Cyanobacteria,Cyanophyceae
A0A346GB43,gi|1450318848|gb|AXN93597.1| Anabaena minutissima 10 domains,complete,374,gi|1450318848|gb|AXN93597.1|,Anabaena,minutissima,10,domains,Bacteria,Cyanobacteria,Cyanophyceae
A0A346GB56,gi|1450318862|gb|AXN93610.1| Anabaena sp. 10 domains,complete,374,gi|1450318862|gb|AXN93610.1|,Anabaena,sp.,10,domains,Bacteria,Cyanobacteria,Cyanophyceae
A0A375YM43,gi|1419268981|emb|SRX82151.1| Anabaena cylindrica 7 domains,complete,373,gi|1419268981|emb|SRX82151.1|,Anabaena,cylindrica,7,domains,Bacteria,Cyanobacteria,Cyanophyceae
A0A3E0L2S5,gi|1447310342|gb|REJ41666.1| Microcystis flos-aquae 15 domains,complete,377,gi|1447310342|gb|REJ41666.1|,Microcystis,flos-aquae,15,domains,Bacteria,Cyanobacteria,Cyanophyceae
A0A3E0L408,gi|1447310339|gb|REJ41663.1| Microcystis flos-aquae 9 domains,complete,385,gi|1447310339|gb|REJ41663.1|,Microcystis,flos-aquae,9,domains,Bacteria,Cyanobacteria,Cyanophyceae
A0A3G9JDV1,gi|1519307232|dbj|BBH38823.1| Microcystis viridis 15 domains,complete,377,gi|1519307232|dbj|BBH38823.1|,Microcystis,viridis,15,domains,Bacteria,Cyanobacteria,Cyanophyceae
A0A3G9K155,gi|1519310456|dbj|BBH42047.1| Microcystis viridis 6 domains,complete,407,gi|1519310456|dbj|BBH42047.1|,Microcystis,viridis,6,domains,Bacteria,Cyanobacteria,Cyanophyceae
A0A3G9K8J7,gi|1519311139|dbj|BBH42730.1| Microcystis viridis 11 domains,complete,366,gi|1519311139|dbj|BBH42730.1|,Microcystis,viridis,11,domains,Bacteria,Cyanobacteria,Cyanophyceae
A0A551YMR1,gi|1705927991|gb|TRT62254.1| Microcystis sp. 3 domains,complete,411,gi|1705927991|gb|TRT62254.1|,Microcystis,sp.,3,domains,Bacteria,Cyanobacteria,Cyanophyceae
A0A551YNC8,gi|1705928244|gb|TRT62491.1| Microcystis sp. 7 domains,complete,377,gi|1705928244|gb|TRT62491.1|,Microcystis,sp.,7,domains,Bacteria,Cyanobacteria,Cyanophyceae
A0A551YZR2,gi|1705932549|gb|TRT66432.1| Microcystis sp. 15 domains,complete,377,gi|1705932549|gb|TRT66432.1|,Microcystis,sp.,15,domains,Bacteria,Cyanobacteria,Cyanophyceae
A0A551ZE57,gi|1705938071|gb|TRT71452.1| Microcystis sp. 9 domains,complete,385,gi|1705938071|gb|TRT71452.1|,Microcystis,sp.,9,domains,Bacteria,Cyanobacteria,Cyanophyceae
A0A552AM88,gi|1705954663|gb|TRT86535.1| Microcystis sp. 15 domains,complete,377,gi|1705954663|gb|TRT86535.1|,Microcystis,sp.,15,domains,Bacteria,Cyanobacteria,Cyanophyceae
A0A552ASH8,gi|1705956686|gb|TRT88407.1| Microcystis sp. 6 domains,complete,372,gi|1705956686|gb|TRT88407.1|,Microcystis,sp.,6,domains,Bacteria,Cyanobacteria,Cyanophyceae
A0A552ATE0,gi|1705957025|gb|TRT88727.1| Microcystis sp. 7 domains,complete,375,gi|1705957025|gb|TRT88727.1|,Microcystis,sp.,7,domains,Bacteria,Cyanobacteria,Cyanophyceae
A0A552ATF4,gi|1705957026|gb|TRT88728.1| Microcystis sp. 6 domains,complete,374,gi|1705957026|gb|TRT88728.1|,Microcystis,sp.,6,domains,Bacteria,Cyanobacteria,Cyanophyceae
A0A552CDY1,gi|1705977659|gb|TRU08173.1| Microcystis sp. 7 domains,complete,377,gi|1705977659|gb|TRU08173.1|,Microcystis,sp.,7,domains,Bacteria,Cyanobacteria,Cyanophyceae
A0A552CRC0,gi|1705982252|gb|TRU12518.1| Microcystis sp. 8 domains,complete,371,gi|1705982252|gb|TRU12518.1|,Microcystis,sp.,8,domains,Bacteria,Cyanobacteria,Cyanophyceae
A0A552CX85,gi|1705984413|gb|TRU14580.1| Microcystis sp. 11 domains,complete,373,gi|1705984413|gb|TRU14580.1|,Microcystis,sp.,11,domains,Bacteria,Cyanobacteria,Cyanophyceae
A0A552CXA1,gi|1705984411|gb|TRU14578.1| Microcystis sp. 9 domains,complete,385,gi|1705984411|gb|TRU14578.1|,Microcystis,sp.,9,domains,Bacteria,Cyanobacteria,Cyanophyceae
A0A552E940,gi|1706001819|gb|TRU30996.1| Microcystis  8 domains,complete,371,gi|1706001819|gb|TRU30996.1|,Microcystis,8,domains,,Bacteria,Cyanobacteria,Cyanophyceae
A0A552F058,gi|1706011334|gb|TRU40100.1| Microcystis  3 domains,complete,411,gi|1706011334|gb|TRU40100.1|,Microcystis,3,domains,,Bacteria,Cyanobacteria,Cyanophyceae
A0A552FF96,gi|1706016911|gb|TRU45344.1| Microcystis  15 domains,complete,377,gi|1706016911|gb|TRU45344.1|,Microcystis,15,domains,,Bacteria,Cyanobacteria,Cyanophyceae
A0A552H937,gi|1706041433|gb|TRU67710.1| Microcystis viridis 9 domains,complete,366,gi|1706041433|gb|TRU67710.1|,Microcystis,viridis,9,domains,Bacteria,Cyanobacteria,Cyanophyceae
A0A552IUD0,gi|1706062286|gb|TRU87067.1| Microcystis novacekii 9 domains,complete,366,gi|1706062286|gb|TRU87067.1|,Microcystis,novacekii,9,domains,Bacteria,Cyanobacteria,Cyanophyceae
A0A552J173,gi|1706064896|gb|TRU89500.1| Microcystis novacekii 11 domains,complete,373,gi|1706064896|gb|TRU89500.1|,Microcystis,novacekii,11,domains,Bacteria,Cyanobacteria,Cyanophyceae
A0A552J174,gi|1706064895|gb|TRU89499.1| Microcystis novacekii 15 domains,complete,377,gi|1706064895|gb|TRU89499.1|,Microcystis,novacekii,15,domains,Bacteria,Cyanobacteria,Cyanophyceae
A0A552J4N1,gi|1706066087|gb|TRU90612.1| Microcystis novacekii 3 domains,complete,411,gi|1706066087|gb|TRU90612.1|,Microcystis,novacekii,3,domains,Bacteria,Cyanobacteria,Cyanophyceae
A0A552JBQ3,gi|1706068711|gb|TRU93087.1| Microcystis wesenbergii 7 domains,complete,377,gi|1706068711|gb|TRU93087.1|,Microcystis,wesenbergii,7,domains,Bacteria,Cyanobacteria,Cyanophyceae
A0A552KWR8,gi|1706089067|gb|TRV12422.1| Microcystis flos-aquae 7 domains,complete,377,gi|1706089067|gb|TRV12422.1|,Microcystis,flos-aquae,7,domains,Bacteria,Cyanobacteria,Cyanophyceae
A0A552LV68,gi|1706101380|gb|TRV24113.1| Microcystis wesenbergii 5 domains,complete,390,gi|1706101380|gb|TRV24113.1|,Microcystis,wesenbergii,5,domains,Bacteria,Cyanobacteria,Cyanophyceae
A0A5Q0G9R5,gi|1772285862|gb|QFZ10926.1| Anabaena sp. 5 domains,complete,405,gi|1772285862|gb|QFZ10926.1|,Anabaena,sp.,5,domains,Bacteria,Cyanobacteria,Cyanophyceae
A0A5Q0GBJ7,gi|1772285860|gb|QFZ10924.1| Anabaena sp. 7 domains,complete,375,gi|1772285860|gb|QFZ10924.1|,Anabaena,sp.,7,domains,Bacteria,Cyanobacteria,Cyanophyceae
A0A6M5KDW1,gi|1842959110|gb|QJU71796.1| Gambierdiscus polynesiensis 2 domains,complete,372,gi|1842959110|gb|QJU71796.1|,Gambierdiscus,polynesiensis,2,domains,Chromista,Myzozoa,Dinophyceae
A0A6M5KG38,gi|1842959121|gb|QJU71797.1| Gambierdiscus pacificus 2 domains,complete,372,gi|1842959121|gb|QJU71797.1|,Gambierdiscus,pacificus,2,domains,Chromista,Myzozoa,Dinophyceae
A0A8J2TDD8,gi|1995722128|dbj|GFE67450.1| Chroococcus sp. 9 domains,complete,375,gi|1995722128|dbj|GFE67450.1|,Chroococcus,sp.,9,domains,Bacteria,Cyanobacteria,Cyanophyceae
A0A8J2TDU8,gi|1995721096|dbj|GFE68911.1| Chroococcus sp. 3 domains,complete,372,gi|1995721096|dbj|GFE68911.1|,Chroococcus,sp.,3,domains,Bacteria,Cyanobacteria,Cyanophyceae
A0A8J2TF18,gi|1995722136|dbj|GFE67458.1| Chroococcus sp. 6 domains,complete,373,gi|1995722136|dbj|GFE67458.1|,Chroococcus,sp.,6,domains,Bacteria,Cyanobacteria,Cyanophyceae
A0A8J2XEY4,gi|1995722127|dbj|GFE67449.1| Chroococcus sp. 10 domains,complete,377,gi|1995722127|dbj|GFE67449.1|,Chroococcus,sp.,10,domains,Bacteria,Cyanobacteria,Cyanophyceae
A0A9X1GJH4,gi|505027994|ref|WP_015215096.1| Anabaena cylindrica 8 domains,complete,407,gi|505027994|ref|WP_015215096.1|,Anabaena,cylindrica,8,domains,Bacteria,Cyanobacteria,Cyanophyceae
A0A9X1GLE1,gi|505028084|ref|WP_015215186.1| Anabaena cylindrica 3 domains,complete,398,gi|505028084|ref|WP_015215186.1|,Anabaena,cylindrica,3,domains,Bacteria,Cyanobacteria,Cyanophyceae
A0A9X1GPY6,gi|505026377|ref|WP_015213479.1| Anabaena cylindrica 11 domains,complete,373,gi|505026377|ref|WP_015213479.1|,Anabaena,cylindrica,11,domains,Bacteria,Cyanobacteria,Cyanophyceae
A5A2M1,gi|145423860|gb|ABP68562.1| Prorocentrum donghaiense 2 domains,fragment,221,gi|145423860|gb|ABP68562.1|,Prorocentrum,donghaiense,2,domains,Chromista,Myzozoa,Dinophyceae
A5A2M2,gi|145423862|gb|ABP68563.1| Alexandrium tamarense 2 domains,fragment,226,gi|145423862|gb|ABP68563.1|,Alexandrium,tamarense,2,domains,Chromista,Myzozoa,Dinophyceae
A7KH54,gi|148536473|gb|ABQ85796.1| Karenia brevis 2 domains,complete,381,gi|148536473|gb|ABQ85796.1|,Karenia,brevis,2,domains,Chromista,Myzozoa,Dinophyceae
A9UR06,gi|167516226|ref|XP_001742454.1| Monosiga brevicollis 4 domains,fragment,377,gi|167516226|ref|XP_001742454.1|,Monosiga,brevicollis,4,domains,Protozoa,Choanozoa,Choanoflagellatea
A9V9L6,gi|167535569|ref|XP_001749458.1| Monosiga brevicollis 10 domains,complete,378,gi|167535569|ref|XP_001749458.1|,Monosiga,brevicollis,10,domains,Protozoa,Choanozoa,Choanoflagellatea
B0JJG1,gi|501222816|ref|WP_012265834.1| Microcystis  7 domains,complete,375,gi|501222816|ref|WP_012265834.1|,Microcystis,7,domains,,Bacteria,Cyanobacteria,Cyanophyceae
B4YVP7,gi|194354508|gb|ACF54733.1| Prorocentrum hoffmannianum 2 domains,fragment,216,gi|194354508|gb|ACF54733.1|,Prorocentrum,hoffmannianum,2,domains,Chromista,Myzozoa,Dinophyceae
B4YVP8,gi|194354510|gb|ACF54734.1| Prorocentrum hoffmannianum 2 domains,fragment,213,gi|194354510|gb|ACF54734.1|,Prorocentrum,hoffmannianum,2,domains,Chromista,Myzozoa,Dinophyceae
B4YVQ0,gi|194354514|gb|ACF54736.1| Prorocentrum micans 2 domains,fragment,233,gi|194354514|gb|ACF54736.1|,Prorocentrum,micans,2,domains,Chromista,Myzozoa,Dinophyceae
B4YVQ1,gi|194354516|gb|ACF54737.1| Prorocentrum micans 2 domains,fragment,235,gi|194354516|gb|ACF54737.1|,Prorocentrum,micans,2,domains,Chromista,Myzozoa,Dinophyceae
B4YVQ3,gi|194354520|gb|ACF54739.1| Prorocentrum rhathymum 2 domains,fragment,215,gi|194354520|gb|ACF54739.1|,Prorocentrum,rhathymum,2,domains,Chromista,Myzozoa,Dinophyceae
B4YVQ4,gi|194354522|gb|ACF54740.1| Prorocentrum hoffmannianum 2 domains,fragment,214,gi|194354522|gb|ACF54740.1|,Prorocentrum,hoffmannianum,2,domains,Chromista,Myzozoa,Dinophyceae
B5A5J4,gi|193875668|gb|ACF24471.1| Microcystis  2 domains,fragment,238,gi|193875668|gb|ACF24471.1|,Microcystis,2,domains,,Bacteria,Cyanobacteria,Cyanophyceae
C1FDJ6,gi|255070925|ref|XP_002507544.1| Micromonas commoda 23 domains,complete,368,gi|255070925|ref|XP_002507544.1|,Micromonas,commoda,23,domains,Plantae,Chlorophyta,Mamiellophyceae
C1FE51,gi|255071123|ref|XP_002507643.1| Micromonas commoda 39 domains,complete,335,gi|255071123|ref|XP_002507643.1|,Micromonas,commoda,39,domains,Plantae,Chlorophyta,Mamiellophyceae
C1MK53,gi|303273142|ref|XP_003055932.1| Micromonas pusilla 2 domains,fragment,224,gi|303273142|ref|XP_003055932.1|,Micromonas,pusilla,2,domains,Plantae,Chlorophyta,Mamiellophyceae
C1MK63,gi|226462026|gb|EEH59318.1| Micromonas pusilla 2 domains,fragment,219,gi|226462026|gb|EEH59318.1|,Micromonas,pusilla,2,domains,Plantae,Chlorophyta,Mamiellophyceae
C1MK65,gi|226462028|gb|EEH59320.1| Micromonas pusilla 2 domains,fragment,204,gi|226462028|gb|EEH59320.1|,Micromonas,pusilla,2,domains,Plantae,Chlorophyta,Mamiellophyceae
C1MK68,gi|303274010|ref|XP_003056330.1| Micromonas pusilla 25 domains,complete,355,gi|303274010|ref|XP_003056330.1|,Micromonas,pusilla,25,domains,Plantae,Chlorophyta,Mamiellophyceae
D2CZD6,gi|198444898|gb|ACH88363.1| Karenia brevis 6 domains,complete,377,gi|198444898|gb|ACH88363.1|,Karenia,brevis,6,domains,Chromista,Myzozoa,Dinophyceae
D2CZE4,gi|198444913|gb|ACH88371.1| Karenia brevis 2 domains,fragment,228,gi|198444913|gb|ACH88371.1|,Karenia,brevis,2,domains,Chromista,Myzozoa,Dinophyceae
D2CZF4,gi|198444933|gb|ACH88381.1| Karenia brevis 2 domains,fragment,228,gi|198444933|gb|ACH88381.1|,Karenia,brevis,2,domains,Chromista,Myzozoa,Dinophyceae
E1ZE55,gi|552830467|ref|XP_005847911.1| Chlorella variabilis 2 domains,complete,217,gi|552830467|ref|XP_005847911.1|,Chlorella,variabilis,2,domains,Plantae,Chlorophyta,Trebouxiophyceae
E1ZE56,gi|552830471|ref|XP_005847912.1| Chlorella variabilis 50 domains,complete,297,gi|552830471|ref|XP_005847912.1|,Chlorella,variabilis,50,domains,Plantae,Chlorophyta,Trebouxiophyceae
E1ZQT8,gi|307103519|gb|EFN51778.1| Chlorella variabilis 2 domains,fragment,232,gi|307103519|gb|EFN51778.1|,Chlorella,variabilis,2,domains,Plantae,Chlorophyta,Trebouxiophyceae
E1ZQU1,gi|552813157|ref|XP_005843883.1| Chlorella variabilis 2 domains,fragment,356,gi|552813157|ref|XP_005843883.1|,Chlorella,variabilis,2,domains,Plantae,Chlorophyta,Trebouxiophyceae
F0YBH2,gi|323451787|gb|EGB07663.1| Aureococcus anophagefferens 2 domains,fragment,222,gi|323451787|gb|EGB07663.1|,Aureococcus,anophagefferens,2,domains,Chromista,Ochrophyta,Pelagophyceae
F0YN54,gi|676397131|ref|XP_009041843.1| Aureococcus anophagefferens 2 domains,fragment,233,gi|676397131|ref|XP_009041843.1|,Aureococcus,anophagefferens,2,domains,Chromista,Ochrophyta,Pelagophyceae
F0YR57,gi|323446102|gb|EGB02402.1| Aureococcus anophagefferens 2 domains,fragment,332,gi|323446102|gb|EGB02402.1|,Aureococcus,anophagefferens,2,domains,Chromista,Ochrophyta,Pelagophyceae
F4KHF4,gi|332007982|gb|AED95365.1| Arabidopsis thaliana 2 domains,complete,367,gi|332007982|gb|AED95365.1|,Arabidopsis,thaliana,2,domains,Viridiplantae,Streptophyta,Magnoliopsida
I4FT51,gi|389717009|emb|CCH98826.1| Microcystis  6 domains,complete,374,gi|389717009|emb|CCH98826.1|,Microcystis,6,domains,,Bacteria,Cyanobacteria,Cyanophyceae
I4G387,gi|488855764|ref|WP_002768074.1| Microcystis  15 domains,complete,377,gi|488855764|ref|WP_002768074.1|,Microcystis,15,domains,,Bacteria,Cyanobacteria,Cyanophyceae
I4GFX0,gi|488864193|ref|WP_002776432.1| Microcystis aeruginosa 9 domains,complete,385,gi|488864193|ref|WP_002776432.1|,Microcystis,aeruginosa,9,domains,Bacteria,Cyanobacteria,Cyanophyceae
I4GNE9,gi|488861789|ref|WP_002774028.1| Microcystis  7 domains,complete,375,gi|488861789|ref|WP_002774028.1|,Microcystis,7,domains,,Bacteria,Cyanobacteria,Cyanophyceae
I4H688,gi|490265064|ref|WP_004161724.1| Microcystis  11 domains,complete,373,gi|490265064|ref|WP_004161724.1|,Microcystis,11,domains,,Bacteria,Cyanobacteria,Cyanophyceae
I4IJM6,gi|389834326|emb|CCI34500.1| Microcystis sp. 8 domains,complete,375,gi|389834326|emb|CCI34500.1|,Microcystis,sp.,8,domains,Bacteria,Cyanobacteria,Cyanophyceae
K7W599,gi|414091051|gb|AFW98413.1| Alexandrium ostenfeldii 3 domains,complete,392,gi|414091051|gb|AFW98413.1|,Alexandrium,ostenfeldii,3,domains,Chromista,Myzozoa,Dinophyceae
K7WCI2,gi|414091049|gb|AFW98412.1| Alexandrium ostenfeldii 2 domains,complete,379,gi|414091049|gb|AFW98412.1|,Alexandrium,ostenfeldii,2,domains,Chromista,Myzozoa,Dinophyceae
K7WQ33,gi|414091047|gb|AFW98411.1| Alexandrium ostenfeldii 2 domains,complete,366,gi|414091047|gb|AFW98411.1|,Alexandrium,ostenfeldii,2,domains,Chromista,Myzozoa,Dinophyceae
K7WTF3,gi|504891833|ref|WP_015078935.1| Anabaena sp. 11 domains,complete,373,gi|504891833|ref|WP_015078935.1|,Anabaena,sp.,11,domains,Bacteria,Cyanobacteria,Cyanophyceae
K7WZ65,gi|504893997|ref|WP_015081099.1| Anabaena sp. 2 domains,complete,399,gi|504893997|ref|WP_015081099.1|,Anabaena,sp.,2,domains,Bacteria,Cyanobacteria,Cyanophyceae
K9TCP9,gi|504959838|ref|WP_015146940.1| Oscillatoria acuminata 7 domains,complete,377,gi|504959838|ref|WP_015146940.1|,Oscillatoria,acuminata,7,domains,Bacteria,Cyanobacteria,Cyanophyceae
K9TJ07,gi|428001964|gb|AFY82807.1| Oscillatoria acuminata 5 domains,complete,377,gi|428001964|gb|AFY82807.1|,Oscillatoria,acuminata,5,domains,Bacteria,Cyanobacteria,Cyanophyceae
K9VD43,gi|428240070|gb|AFZ05856.1| Oscillatoria nigro-viridis 2 domains,complete,225,gi|428240070|gb|AFZ05856.1|,Oscillatoria,nigro-viridis,2,domains,Bacteria,Cyanobacteria,Cyanophyceae
K9VF00,gi|428240892|gb|AFZ06678.1| Oscillatoria nigro-viridis 2 domains,complete,367,gi|428240892|gb|AFZ06678.1|,Oscillatoria,nigro-viridis,2,domains,Bacteria,Cyanobacteria,Cyanophyceae
K9VKC5,gi|428242166|gb|AFZ07952.1| Oscillatoria nigro-viridis 6 domains,complete,375,gi|428242166|gb|AFZ07952.1|,Oscillatoria,nigro-viridis,6,domains,Bacteria,Cyanobacteria,Cyanophyceae
K9ZE13,gi|428678061|gb|AFZ56827.1| Anabaena cylindrica 11 domains,complete,373,gi|428678061|gb|AFZ56827.1|,Anabaena,cylindrica,11,domains,Bacteria,Cyanobacteria,Cyanophyceae
K9ZH93,gi|428679795|gb|AFZ58561.1| Anabaena cylindrica 2 domains,complete,399,gi|428679795|gb|AFZ58561.1|,Anabaena,cylindrica,2,domains,Bacteria,Cyanobacteria,Cyanophyceae
K9ZI76,gi|505027994|ref|WP_015215096.1| Anabaena cylindrica 8 domains,complete,407,gi|505027994|ref|WP_015215096.1|,Anabaena,cylindrica,8,domains,Bacteria,Cyanobacteria,Cyanophyceae
K9ZJP7,gi|428679794|gb|AFZ58560.1| Anabaena cylindrica 3 domains,complete,398,gi|428679794|gb|AFZ58560.1|,Anabaena,cylindrica,3,domains,Bacteria,Cyanobacteria,Cyanophyceae
K9ZLV2,gi|428680771|gb|AFZ59537.1| Anabaena cylindrica 2 domains,complete,365,gi|428680771|gb|AFZ59537.1|,Anabaena,cylindrica,2,domains,Bacteria,Cyanobacteria,Cyanophyceae
K9ZNK8,gi|428682010|gb|AFZ60776.1| Anabaena cylindrica 6 domains,complete,369,gi|428682010|gb|AFZ60776.1|,Anabaena,cylindrica,6,domains,Bacteria,Cyanobacteria,Cyanophyceae
K9ZQZ9,gi|428682009|gb|AFZ60775.1| Anabaena cylindrica 6 domains,complete,376,gi|428682009|gb|AFZ60775.1|,Anabaena,cylindrica,6,domains,Bacteria,Cyanobacteria,Cyanophyceae
L8HCV7,gi|440802455|gb|ELR23384.1| Acanthamoeba castellanii 10 domains,complete,434,gi|440802455|gb|ELR23384.1|,Acanthamoeba,castellanii,10,domains,Protozoa,Amoebozoa,Discosea
L8HIJ4,gi|470530050|ref|XP_004368174.1| Acanthamoeba castellanii 13 domains,complete,373,gi|470530050|ref|XP_004368174.1|,Acanthamoeba,castellanii,13,domains,Protozoa,Amoebozoa,Discosea
Q0GC03,gi|113204665|gb|ABI34079.1| Karlodinium sp. 2 domains,fragment,227,gi|113204665|gb|ABI34079.1|,Karlodinium,sp.,2,domains,Chromista,Myzozoa,Dinophyceae
Q0GC04,gi|113204663|gb|ABI34078.1| Prorocentrum micans 2 domains,fragment,226,gi|113204663|gb|ABI34078.1|,Prorocentrum,micans,2,domains,Chromista,Myzozoa,Dinophyceae
Q0GC05,gi|113204661|gb|ABI34077.1| Skeletonema costatum 2 domains,fragment,227,gi|113204661|gb|ABI34077.1|,Skeletonema,costatum,2,domains,Chromista,Ochrophyta,Coscinodiscophyceae
Q10Y08,gi|110168326|gb|ABG52866.1| Trichodesmium erythraeum 6 domains,complete,378,gi|110168326|gb|ABG52866.1|,Trichodesmium,erythraeum,6,domains,Bacteria,Cyanobacteria,Cyanophyceae
Q10Y09,gi|110168325|gb|ABG52865.1| Trichodesmium erythraeum 7 domains,complete,378,gi|110168325|gb|ABG52865.1|,Trichodesmium,erythraeum,7,domains,Bacteria,Cyanobacteria,Cyanophyceae
Q10Y11,gi|110168323|gb|ABG52863.1| Trichodesmium erythraeum 9 domains,complete,380,gi|110168323|gb|ABG52863.1|,Trichodesmium,erythraeum,9,domains,Bacteria,Cyanobacteria,Cyanophyceae
Q32YW8,gi|57638727|gb|AAW55401.1| Trichodesmium thiebautii 2 domains,fragment,227,gi|57638727|gb|AAW55401.1|,Trichodesmium,thiebautii,2,domains,Bacteria,Cyanobacteria,Cyanophyceae
Q32YW9,gi|57638725|gb|AAW55400.1| Trichodesmium thiebautii 2 domains,fragment,226,gi|57638725|gb|AAW55400.1|,Trichodesmium,thiebautii,2,domains,Bacteria,Cyanobacteria,Cyanophyceae
Q32Z17,gi|57638629|gb|AAW55352.1| Spirulina major 2 domains,fragment,236,gi|57638629|gb|AAW55352.1|,Spirulina,major,2,domains,Bacteria,Cyanobacteria,Cyanophyceae
Q32Z18,gi|57638627|gb|AAW55351.1| Spirulina major 2 domains,fragment,235,gi|57638627|gb|AAW55351.1|,Spirulina,major,2,domains,Bacteria,Cyanobacteria,Cyanophyceae
Q32Z19,gi|57638625|gb|AAW55350.1| Spirulina major 2 domains,fragment,236,gi|57638625|gb|AAW55350.1|,Spirulina,major,2,domains,Bacteria,Cyanobacteria,Cyanophyceae
Q3L107,gi|61374308|gb|AAX44143.1| Oscillatoria sp. 2 domains,fragment,232,gi|61374308|gb|AAX44143.1|,Oscillatoria,sp.,2,domains,Bacteria,Cyanobacteria,Cyanophyceae
Q3L108,gi|61374306|gb|AAX44142.1| Anabaena sp. 2 domains,fragment,232,gi|61374306|gb|AAX44142.1|,Anabaena,sp.,2,domains,Bacteria,Cyanobacteria,Cyanophyceae
Q3L110,gi|61374302|gb|AAX44140.1| Oscillatoria sp. 2 domains,fragment,236,gi|61374302|gb|AAX44140.1|,Oscillatoria,sp.,2,domains,Bacteria,Cyanobacteria,Cyanophyceae
Q3L111,gi|61374300|gb|AAX44139.1| Oscillatoria sp. 2 domains,fragment,236,gi|61374300|gb|AAX44139.1|,Oscillatoria,sp.,2,domains,Bacteria,Cyanobacteria,Cyanophyceae
Q3L115,gi|61374291|gb|AAX44135.1| Oscillatoria sancta 2 domains,fragment,233,gi|61374291|gb|AAX44135.1|,Oscillatoria,sancta,2,domains,Bacteria,Cyanobacteria,Cyanophyceae
Q7WRI6,gi|31616730|emb|CAD60097.1| Anabaena sp. 11 domains,complete,373,gi|31616730|emb|CAD60097.1|,Anabaena,sp.,11,domains,Bacteria,Cyanobacteria,Cyanophyceae
Q7WRJ0,gi|504891836|ref|WP_015078938.1| Anabaena sp. 9 domains,complete,385,gi|504891836|ref|WP_015078938.1|,Anabaena,sp.,9,domains,Bacteria,Cyanobacteria,Cyanophyceae
Q7WRN5,gi|413969684|gb|AFW93773.1| Anabaena sp. 15 domains,complete,377,gi|413969684|gb|AFW93773.1|,Anabaena,sp.,15,domains,Bacteria,Cyanobacteria,Cyanophyceae
Q9F6M4,gi|9965356|gb|AAG10057.1| Microcystis  2 domains,fragment,226,gi|9965356|gb|AAG10057.1|,Microcystis,2,domains,,Bacteria,Cyanobacteria,Cyanophyceae
R1BNS0,gi|551553589|ref|XP_005764102.1| Emiliania huxleyi 74 domains,complete,345,gi|551553589|ref|XP_005764102.1|,Emiliania,huxleyi,74,domains,Chromista,Haptophyta,Prymnesiophyceae
R1BXH1,gi|485617291|gb|EOD14467.1| Emiliania huxleyi 14 domains,complete,367,gi|485617291|gb|EOD14467.1|,Emiliania,huxleyi,14,domains,Chromista,Haptophyta,Prymnesiophyceae
R1C8E5,gi|551569962|ref|XP_005770941.1| Emiliania huxleyi 16 domains,complete,312,gi|551569962|ref|XP_005770941.1|,Emiliania,huxleyi,16,domains,Chromista,Haptophyta,Prymnesiophyceae
R1CGI9,gi|485626133|gb|EOD21898.1| Emiliania huxleyi 24 domains,complete,372,gi|485626133|gb|EOD21898.1|,Emiliania,huxleyi,24,domains,Chromista,Haptophyta,Prymnesiophyceae
R1D509,gi|485610972|gb|EOD09665.1| Emiliania huxleyi 66 domains,complete,364,gi|485610972|gb|EOD09665.1|,Emiliania,huxleyi,66,domains,Chromista,Haptophyta,Prymnesiophyceae
R1DLD1,gi|551614632|ref|XP_005788231.1| Emiliania huxleyi 23 domains,complete,366,gi|551614632|ref|XP_005788231.1|,Emiliania,huxleyi,23,domains,Chromista,Haptophyta,Prymnesiophyceae
R1DT88,gi|485614016|gb|EOD11944.1| Emiliania huxleyi 6 domains,complete,369,gi|485614016|gb|EOD11944.1|,Emiliania,huxleyi,6,domains,Chromista,Haptophyta,Prymnesiophyceae
R1DYV9,gi|485647436|gb|EOD40598.1| Emiliania huxleyi 46 domains,complete,341,gi|485647436|gb|EOD40598.1|,Emiliania,huxleyi,46,domains,Chromista,Haptophyta,Prymnesiophyceae
R1EJC0,gi|551579823|ref|XP_005775470.1| Emiliania huxleyi 2 domains,fragment,219,gi|551579823|ref|XP_005775470.1|,Emiliania,huxleyi,2,domains,Chromista,Haptophyta,Prymnesiophyceae
R1EQS3,gi|551580189|ref|XP_005775653.1| Emiliania huxleyi 15 domains,complete,402,gi|551580189|ref|XP_005775653.1|,Emiliania,huxleyi,15,domains,Chromista,Haptophyta,Prymnesiophyceae
R1ER06,gi|551580395|ref|XP_005775743.1| Emiliania huxleyi 16 domains,complete,340,gi|551580395|ref|XP_005775743.1|,Emiliania,huxleyi,16,domains,Chromista,Haptophyta,Prymnesiophyceae
R1FCS5,gi|485638898|gb|EOD33281.1| Emiliania huxleyi 2 domains,fragment,165,gi|485638898|gb|EOD33281.1|,Emiliania,huxleyi,2,domains,Chromista,Haptophyta,Prymnesiophyceae
R1FQA0,gi|551619303|ref|XP_005790240.1| Emiliania huxleyi 10 domains,complete,314,gi|551619303|ref|XP_005790240.1|,Emiliania,huxleyi,10,domains,Chromista,Haptophyta,Prymnesiophyceae
R1FUA6,gi|551622753|ref|XP_005791705.1| Emiliania huxleyi 14 domains,complete,358,gi|551622753|ref|XP_005791705.1|,Emiliania,huxleyi,14,domains,Chromista,Haptophyta,Prymnesiophyceae
S3ITW8,gi|513469370|gb|EPF17203.1| Microcystis  12 domains,complete,377,gi|513469370|gb|EPF17203.1|,Microcystis,12,domains,,Bacteria,Cyanobacteria,Cyanophyceae
zzzz101,gi|1516270974|ref|WP_123231123.1| Microcystis aeruginosa 10 domains,,375,gi|1516270974|ref|WP_123231123.1|,Microcystis,aeruginosa,10,domains,Bacteria,Cyanobacteria,Cyanophyceae
zzzz102,gi|1347806144|ref|WP_104397931.1| Microcystis aeruginosa 16 domains,,374,gi|1347806144|ref|WP_104397931.1|,Microcystis,aeruginosa,16,domains,Bacteria,Cyanobacteria,Cyanophyceae
zzzz104,gi|1797835160|ref|WP_159298043.1| Microcystis aeruginosa 4 domains,,376,gi|1797835160|ref|WP_159298043.1|,Microcystis,aeruginosa,4,domains,Bacteria,Cyanobacteria,Cyanophyceae
zzzz105,gi|1787564548|dbj|GCL60619.1| Microcystis aeruginosa 4 domains,,376,gi|1787564548|dbj|GCL60619.1|,Microcystis,aeruginosa,4,domains,Bacteria,Cyanobacteria,Cyanophyceae
zzzz107,gi|2065818552|gb|KAG7587082.1| Arabidopsis arenosa 2 domains,,368,gi|2065818552|gb|KAG7587082.1|,Arabidopsis,arenosa,2,domains,Viridiplantae,Streptophyta,Magnoliopsida
zzzz111,gi|1119701989|ref|WP_072620081.1| Spirulina major 9 domains,,381,gi|1119701989|ref|WP_072620081.1|,Spirulina,major,9,domains,Bacteria,Cyanobacteria,Cyanophyceae
zzzz112,gi|2065818552|gb|KAG7587082.1| Arabidopsis thaliana 2 domains,,368,gi|2065818552|gb|KAG7587082.1|,Arabidopsis,thaliana,2,domains,Viridiplantae,Streptophyta,Magnoliopsida
zzzz115,Cluster-13398.33024 Gambierdiscus caribaeus 3 domains,,337,Cluster-13398.33024,Gambierdiscus,caribaeus,3,domains,Chromista,Myzozoa,Dinophyceae
zzzz116,Cluster-13398.6878 Gambierdiscus caribaeus 2 domains,,377,Cluster-13398.6878,Gambierdiscus,caribaeus,2,domains,Chromista,Myzozoa,Dinophyceae
zzzz117,Cluster-13398.4725 Gambierdiscus caribaeus 2 domains,,380,Cluster-13398.4725,Gambierdiscus,caribaeus,2,domains,Chromista,Myzozoa,Dinophyceae
zzzz118,Cluster-13398.18000 Gambierdiscus caribaeus 2 domains,,374,Cluster-13398.18000,Gambierdiscus,caribaeus,2,domains,Chromista,Myzozoa,Dinophyceae
zzzz119,Cluster-13398.47241 Gambierdiscus caribaeus 21 domains,,369,Cluster-13398.47241,Gambierdiscus,caribaeus,21,domains,Chromista,Myzozoa,Dinophyceae
zzzz120,Cluster-13398.39657 Gambierdiscus caribaeus 10 domains,,358,Cluster-13398.39657,Gambierdiscus,caribaeus,10,domains,Chromista,Myzozoa,Dinophyceae
zzzz121,Cluster-13398.48042 Gambierdiscus caribaeus 10 domains,,364,Cluster-13398.48042,Gambierdiscus,caribaeus,10,domains,Chromista,Myzozoa,Dinophyceae
zzzz122,Cluster-13398.33400 Gambierdiscus caribaeus 7 domains,,320,Cluster-13398.33400,Gambierdiscus,caribaeus,7,domains,Chromista,Myzozoa,Dinophyceae
zzzz123,Cluster-13398.23046 Gambierdiscus caribaeus 13 domains,,359,Cluster-13398.23046,Gambierdiscus,caribaeus,13,domains,Chromista,Myzozoa,Dinophyceae
zzzz124,Cluster-13398.40204 Gambierdiscus caribaeus 10 domains,,381,Cluster-13398.40204,Gambierdiscus,caribaeus,10,domains,Chromista,Myzozoa,Dinophyceae
zzzz125,Cluster-13398.8046 Gambierdiscus caribaeus 3 domains,,382,Cluster-13398.8046,Gambierdiscus,caribaeus,3,domains,Chromista,Myzozoa,Dinophyceae
zzzz126,gi|2005184014|ref|WP_206813359.1| Chroococcus sp. 6 domains,,366,gi|2005184014|ref|WP_206813359.1|,Chroococcus,sp.,6,domains,Bacteria,Cyanobacteria,Cyanophyceae
zzzz127,gi|2005186445|ref|WP_206815786.1| Chroococcus sp. 6 domains,,373,gi|2005186445|ref|WP_206815786.1|,Chroococcus,sp.,6,domains,Bacteria,Cyanobacteria,Cyanophyceae
zzzz130,gi|2005185402|ref|WP_206814744.1| Chroococcus sp. 7 domains,,373,gi|2005185402|ref|WP_206814744.1|,Chroococcus,sp.,7,domains,Bacteria,Cyanobacteria,Cyanophyceae
zzzz132,gi|2005185400|ref|WP_206814742.1| Chroococcus sp. 3 domains,,372,gi|2005185400|ref|WP_206814742.1|,Chroococcus,sp.,3,domains,Bacteria,Cyanobacteria,Cyanophyceae
zzzz139,gi|2058347066|gb|KAG7186100.1| Chlorella desiccata 33 domains,,375,gi|2058347066|gb|KAG7186100.1|,Chlorella,desiccata,33,domains,Plantae,Chlorophyta,Trebouxiophyceae
zzzz140,gi|2065913624|gb|KAG7668436.1| Chlorella desiccata 33 domains,,375,gi|2065913624|gb|KAG7668436.1|,Chlorella,desiccata,33,domains,Plantae,Chlorophyta,Trebouxiophyceae
zzzz142,gi|1706057977|gb|TRU83105.1| Microcystis novacekii 3 domains,,411,gi|1706057977|gb|TRU83105.1|,Microcystis,novacekii,3,domains,Bacteria,Cyanobacteria,Cyanophyceae
zzzz144,gi|1706056307|gb|TRU81556.1| Microcystis novacekii 9 domains,,366,gi|1706056307|gb|TRU81556.1|,Microcystis,novacekii,9,domains,Bacteria,Cyanobacteria,Cyanophyceae
zzzz146,gi|1706068112|gb|TRU92511.1| Microcystis novacekii 15 domains,,377,gi|1706068112|gb|TRU92511.1|,Microcystis,novacekii,15,domains,Bacteria,Cyanobacteria,Cyanophyceae
zzzz147,gi|1706068115|gb|TRU92514.1| Microcystis novacekii 9 domains,,385,gi|1706068115|gb|TRU92514.1|,Microcystis,novacekii,9,domains,Bacteria,Cyanobacteria,Cyanophyceae
zzzz149,gi|1706068113|gb|TRU92512.1| Microcystis novacekii 11 domains,,373,gi|1706068113|gb|TRU92512.1|,Microcystis,novacekii,11,domains,Bacteria,Cyanobacteria,Cyanophyceae
zzzz150,gi|1705971376|gb|TRU02218.1| Microcystis flos-aquae 11 domains,,375,gi|1705971376|gb|TRU02218.1|,Microcystis,flos-aquae,11,domains,Bacteria,Cyanobacteria,Cyanophyceae
zzzz151,gi|1706116333|gb|TRV38276.1| Microcystis flos-aquae 11 domains,,375,gi|1706116333|gb|TRV38276.1|,Microcystis,flos-aquae,11,domains,Bacteria,Cyanobacteria,Cyanophyceae
zzzz152,gi|1706109573|gb|TRV31866.1| Microcystis flos-aquae 7 domains,,377,gi|1706109573|gb|TRV31866.1|,Microcystis,flos-aquae,7,domains,Bacteria,Cyanobacteria,Cyanophyceae
zzzz153,gi|1705961174|gb|TRT92548.1| Microcystis flos-aquae 6 domains,,372,gi|1705961174|gb|TRT92548.1|,Microcystis,flos-aquae,6,domains,Bacteria,Cyanobacteria,Cyanophyceae
zzzz154,gi|1706111409|gb|TRV33605.1| Microcystis flos-aquae 5 domains,,374,gi|1706111409|gb|TRV33605.1|,Microcystis,flos-aquae,5,domains,Bacteria,Cyanobacteria,Cyanophyceae
zzzz155,gi|1447317560|gb|REJ48721.1| Microcystis flos-aquae 9 domains,,385,gi|1447317560|gb|REJ48721.1|,Microcystis,flos-aquae,9,domains,Bacteria,Cyanobacteria,Cyanophyceae
zzzz158,gi|1706116602|gb|TRV38529.1| Microcystis flos-aquae 5 domains,,374,gi|1706116602|gb|TRV38529.1|,Microcystis,flos-aquae,5,domains,Bacteria,Cyanobacteria,Cyanophyceae
zzzz159,gi|1706111879|gb|TRV34044.1| Microcystis flos-aquae 11 domains,,375,gi|1706111879|gb|TRV34044.1|,Microcystis,flos-aquae,11,domains,Bacteria,Cyanobacteria,Cyanophyceae
zzzz160,gi|1447317563|gb|REJ48724.1| Microcystis flos-aquae 15 domains,,377,gi|1447317563|gb|REJ48724.1|,Microcystis,flos-aquae,15,domains,Bacteria,Cyanobacteria,Cyanophyceae
zzzz161,gi|1706105840|gb|TRV28337.1| Microcystis flos-aquae 6 domains,,372,gi|1706105840|gb|TRV28337.1|,Microcystis,flos-aquae,6,domains,Bacteria,Cyanobacteria,Cyanophyceae
zzzz162,gi|1909842691|ref|WP_190721077.1| Microcystis flos-aquae 6 domains,,374,gi|1909842691|ref|WP_190721077.1|,Microcystis,flos-aquae,6,domains,Bacteria,Cyanobacteria,Cyanophyceae
zzzz163,gi|1706101972|gb|TRV24667.1| Microcystis flos-aquae 5 domains,,374,gi|1706101972|gb|TRV24667.1|,Microcystis,flos-aquae,5,domains,Bacteria,Cyanobacteria,Cyanophyceae
zzzz165,gi|1705961175|gb|TRT92549.1| Microcystis flos-aquae 7 domains,,377,gi|1705961175|gb|TRT92549.1|,Microcystis,flos-aquae,7,domains,Bacteria,Cyanobacteria,Cyanophyceae
zzzz166,gi|1447310060|gb|REJ41400.1| Microcystis flos-aquae 9 domains,,366,gi|1447310060|gb|REJ41400.1|,Microcystis,flos-aquae,9,domains,Bacteria,Cyanobacteria,Cyanophyceae
zzzz171,gi|504990109|ref|WP_015177211.1| Oscillatoria nigro-viridis 6 domains,,375,gi|504990109|ref|WP_015177211.1|,Oscillatoria,nigro-viridis,6,domains,Bacteria,Cyanobacteria,Cyanophyceae
zzzz180,gi|1909517396|ref|WP_190407220.1| Anabaena subtropica 3 domains,,397,gi|1909517396|ref|WP_190407220.1|,Anabaena,subtropica,3,domains,Bacteria,Cyanobacteria,Cyanophyceae
zzzz181,gi|1909517550|ref|WP_190407374.1| Anabaena subtropica 6 domains,,378,gi|1909517550|ref|WP_190407374.1|,Anabaena,subtropica,6,domains,Bacteria,Cyanobacteria,Cyanophyceae
zzzz182,gi|1909518865|ref|WP_190408689.1| Anabaena subtropica 9 domains,,375,gi|1909518865|ref|WP_190408689.1|,Anabaena,subtropica,9,domains,Bacteria,Cyanobacteria,Cyanophyceae
zzzz183,gi|1909515486|ref|WP_190405310.1| Anabaena subtropica 3 domains,,410,gi|1909515486|ref|WP_190405310.1|,Anabaena,subtropica,3,domains,Bacteria,Cyanobacteria,Cyanophyceae
zzzz189,gi|1248215229|ref|WP_096713138.1| Anabaena cylindrica 2 domains,,206,gi|1248215229|ref|WP_096713138.1|,Anabaena,cylindrica,2,domains,Bacteria,Cyanobacteria,Cyanophyceae
zzzz195,gi|1210082993|dbj|BAY02135.1| Anabaena cylindrica 6 domains,,369,gi|1210082993|dbj|BAY02135.1|,Anabaena,cylindrica,6,domains,Bacteria,Cyanobacteria,Cyanophyceae
zzzz197,gi|1210087092|dbj|BAY06234.1| Anabaena cylindrica 11 domains,,373,gi|1210087092|dbj|BAY06234.1|,Anabaena,cylindrica,11,domains,Bacteria,Cyanobacteria,Cyanophyceae
zzzz215,gi|1747405362|ref|WP_149979143.1| Microcystis  8 domains,,375,gi|1747405362|ref|WP_149979143.1|,Microcystis,8,domains,,Bacteria,Cyanobacteria,Cyanophyceae
zzzz216,gi|1402688976|ref|WP_110577715.1| Microcystis  9 domains,,385,gi|1402688976|ref|WP_110577715.1|,Microcystis,9,domains,,Bacteria,Cyanobacteria,Cyanophyceae
zzzz217,gi|640535181|ref|WP_024968820.1| Microcystis  11 domains,,375,gi|640535181|ref|WP_024968820.1|,Microcystis,11,domains,,Bacteria,Cyanobacteria,Cyanophyceae
zzzz218,gi|1705971376|gb|TRU02218.1| Microcystis  11 domains,,375,gi|1705971376|gb|TRU02218.1|,Microcystis,11,domains,,Bacteria,Cyanobacteria,Cyanophyceae
zzzz219,gi|1402649662|ref|WP_110546077.1| Microcystis  6 domains,,368,gi|1402649662|ref|WP_110546077.1|,Microcystis,6,domains,,Bacteria,Cyanobacteria,Cyanophyceae
zzzz220,gi|1706035337|gb|TRU62151.1| Microcystis  5 domains,,405,gi|1706035337|gb|TRU62151.1|,Microcystis,5,domains,,Bacteria,Cyanobacteria,Cyanophyceae
zzzz221,gi|1705997074|gb|TRU26535.1| Microcystis  7 domains,,376,gi|1705997074|gb|TRU26535.1|,Microcystis,7,domains,,Bacteria,Cyanobacteria,Cyanophyceae
zzzz223,gi|1706071028|gb|TRU95301.1| Microcystis  5 domains,,400,gi|1706071028|gb|TRU95301.1|,Microcystis,5,domains,,Bacteria,Cyanobacteria,Cyanophyceae
zzzz227,gi|1706143290|gb|TRV63544.1| Microcystis  9 domains,,385,gi|1706143290|gb|TRV63544.1|,Microcystis,9,domains,,Bacteria,Cyanobacteria,Cyanophyceae
zzzz228,gi|1706082740|gb|TRV06412.1| Microcystis  5 domains,,400,gi|1706082740|gb|TRV06412.1|,Microcystis,5,domains,,Bacteria,Cyanobacteria,Cyanophyceae
zzzz231,gi|1740633034|ref|WP_149107225.1| Microcystis  6 domains,,372,gi|1740633034|ref|WP_149107225.1|,Microcystis,6,domains,,Bacteria,Cyanobacteria,Cyanophyceae
zzzz233,gi|1733587002|dbj|GCA87397.1| Microcystis  8 domains,,375,gi|1733587002|dbj|GCA87397.1|,Microcystis,8,domains,,Bacteria,Cyanobacteria,Cyanophyceae
zzzz236,gi|1706127367|gb|TRV48664.1| Microcystis  9 domains,,366,gi|1706127367|gb|TRV48664.1|,Microcystis,9,domains,,Bacteria,Cyanobacteria,Cyanophyceae
zzzz239,gi|1334967573|ref|WP_103112245.1| Microcystis  3 domains,,411,gi|1334967573|ref|WP_103112245.1|,Microcystis,3,domains,,Bacteria,Cyanobacteria,Cyanophyceae
zzzz241,gi|1516270974|ref|WP_123231123.1| Microcystis  10 domains,,375,gi|1516270974|ref|WP_123231123.1|,Microcystis,10,domains,,Bacteria,Cyanobacteria,Cyanophyceae
zzzz242,gi|1347806144|ref|WP_104397931.1| Microcystis  16 domains,,374,gi|1347806144|ref|WP_104397931.1|,Microcystis,16,domains,,Bacteria,Cyanobacteria,Cyanophyceae
zzzz244,gi|1797835160|ref|WP_159298043.1| Microcystis  4 domains,,376,gi|1797835160|ref|WP_159298043.1|,Microcystis,4,domains,,Bacteria,Cyanobacteria,Cyanophyceae
zzzz245,gi|1787564548|dbj|GCL60619.1| Microcystis  4 domains,,376,gi|1787564548|dbj|GCL60619.1|,Microcystis,4,domains,,Bacteria,Cyanobacteria,Cyanophyceae
zzzz277,gi|1706071028|gb|TRU95301.1| Microcystis wesenbergii 5 domains,,400,gi|1706071028|gb|TRU95301.1|,Microcystis,wesenbergii,5,domains,Bacteria,Cyanobacteria,Cyanophyceae
zzzz278,gi|1706082740|gb|TRV06412.1| Microcystis wesenbergii 5 domains,,400,gi|1706082740|gb|TRV06412.1|,Microcystis,wesenbergii,5,domains,Bacteria,Cyanobacteria,Cyanophyceae
zzzz280,gi|1706075216|gb|TRU99279.1| Microcystis wesenbergii 6 domains,,376,gi|1706075216|gb|TRU99279.1|,Microcystis,wesenbergii,6,domains,Bacteria,Cyanobacteria,Cyanophyceae
zzzz281,gi|1706081628|gb|TRV05363.1| Microcystis wesenbergii 7 domains,,375,gi|1706081628|gb|TRV05363.1|,Microcystis,wesenbergii,7,domains,Bacteria,Cyanobacteria,Cyanophyceae
zzzz282,gi|1706082464|gb|TRV06147.1| Microcystis wesenbergii 6 domains,,372,gi|1706082464|gb|TRV06147.1|,Microcystis,wesenbergii,6,domains,Bacteria,Cyanobacteria,Cyanophyceae
zzzz283,gi|1706091599|gb|TRV14839.1| Microcystis wesenbergii 6 domains,,376,gi|1706091599|gb|TRV14839.1|,Microcystis,wesenbergii,6,domains,Bacteria,Cyanobacteria,Cyanophyceae
zzzz284,gi|1706072375|gb|TRU96575.1| Microcystis wesenbergii 7 domains,,375,gi|1706072375|gb|TRU96575.1|,Microcystis,wesenbergii,7,domains,Bacteria,Cyanobacteria,Cyanophyceae
zzzz287,gi|1706050113|gb|TRU75795.1| Microcystis viridis 9 domains,,366,gi|1706050113|gb|TRU75795.1|,Microcystis,viridis,9,domains,Bacteria,Cyanobacteria,Cyanophyceae
zzzz290,gi|1706052071|gb|TRU77618.1| Microcystis viridis 9 domains,,366,gi|1706052071|gb|TRU77618.1|,Microcystis,viridis,9,domains,Bacteria,Cyanobacteria,Cyanophyceae
zzzz318,Unigene28550_All Prorocentrum lima 2 domains,,397,Unigene28550_All,Prorocentrum,lima,2,domains,Chromista,Myzozoa,Dinophyceae
zzzz319,Unigene47353_All Prorocentrum lima 2 domains,,384,Unigene47353_All,Prorocentrum,lima,2,domains,Chromista,Myzozoa,Dinophyceae
zzzz320,CL7918.Contig3_All Prorocentrum lima 2 domains,,376,CL7918.Contig3_All,Prorocentrum,lima,2,domains,Chromista,Myzozoa,Dinophyceae
zzzz321,Unigene44187_All Prorocentrum lima 7 domains,,387,Unigene44187_All,Prorocentrum,lima,7,domains,Chromista,Myzozoa,Dinophyceae
zzzz322,CL3053.Contig3_All Prorocentrum lima 7 domains,,387,CL3053.Contig3_All,Prorocentrum,lima,7,domains,Chromista,Myzozoa,Dinophyceae
zzzz323,CL3053.Contig5_All Prorocentrum lima 10 domains,,380,CL3053.Contig5_All,Prorocentrum,lima,10,domains,Chromista,Myzozoa,Dinophyceae
zzzz324,Unigene3917_All Prorocentrum lima 3 domains,,391,Unigene3917_All,Prorocentrum,lima,3,domains,Chromista,Myzozoa,Dinophyceae
zzzz325,Unigene22464_All Prorocentrum lima 8 domains,,314,Unigene22464_All,Prorocentrum,lima,8,domains,Chromista,Myzozoa,Dinophyceae
zzzz326,CL3053.Contig2_All Prorocentrum lima 8 domains,,380,CL3053.Contig2_All,Prorocentrum,lima,8,domains,Chromista,Myzozoa,Dinophyceae
zzzz327,Unigene47543_All Prorocentrum lima 3 domains,,392,Unigene47543_All,Prorocentrum,lima,3,domains,Chromista,Myzozoa,Dinophyceae
zzzz328,CL3053.Contig4_All Prorocentrum lima 10 domains,,380,CL3053.Contig4_All,Prorocentrum,lima,10,domains,Chromista,Myzozoa,Dinophyceae
zzzz329,Unigene25686_All Prorocentrum lima 10 domains,,361,Unigene25686_All,Prorocentrum,lima,10,domains,Chromista,Myzozoa,Dinophyceae
zzzz330,Unigene52942_All Prorocentrum lima 3 domains,,347,Unigene52942_All,Prorocentrum,lima,3,domains,Chromista,Myzozoa,Dinophyceae
zzzz331,Unigene27203_All Prorocentrum lima 7 domains,,387,Unigene27203_All,Prorocentrum,lima,7,domains,Chromista,Myzozoa,Dinophyceae
zzzz337,gi|1706143290|gb|TRV63544.1| Microcystis panniformis 9 domains,,385,gi|1706143290|gb|TRV63544.1|,Microcystis,panniformis,9,domains,Bacteria,Cyanobacteria,Cyanophyceae
zzzz338,gi|1706127367|gb|TRV48664.1| Microcystis panniformis 9 domains,,366,gi|1706127367|gb|TRV48664.1|,Microcystis,panniformis,9,domains,Bacteria,Cyanobacteria,Cyanophyceae
zzzz339,gi|1706126628|gb|TRV47975.1| Microcystis panniformis 9 domains,,385,gi|1706126628|gb|TRV47975.1|,Microcystis,panniformis,9,domains,Bacteria,Cyanobacteria,Cyanophyceae
zzzz340,gi|1706162145|gb|TRV81286.1| Microcystis panniformis 15 domains,,377,gi|1706162145|gb|TRV81286.1|,Microcystis,panniformis,15,domains,Bacteria,Cyanobacteria,Cyanophyceae
zzzz341,gi|1706143288|gb|TRV63542.1| Microcystis panniformis 11 domains,,373,gi|1706143288|gb|TRV63542.1|,Microcystis,panniformis,11,domains,Bacteria,Cyanobacteria,Cyanophyceae
zzzz342,gi|1706150711|gb|TRV70387.1| Microcystis panniformis 3 domains,,411,gi|1706150711|gb|TRV70387.1|,Microcystis,panniformis,3,domains,Bacteria,Cyanobacteria,Cyanophyceae
zzzz343,gi|1706132242|gb|TRV53190.1| Microcystis panniformis 3 domains,,411,gi|1706132242|gb|TRV53190.1|,Microcystis,panniformis,3,domains,Bacteria,Cyanobacteria,Cyanophyceae
zzzz344,gi|1706120556|gb|TRV42310.1| Microcystis panniformis 3 domains,,411,gi|1706120556|gb|TRV42310.1|,Microcystis,panniformis,3,domains,Bacteria,Cyanobacteria,Cyanophyceae
zzzz345,gi|1706143591|gb|TRV63823.1| Microcystis panniformis 11 domains,,373,gi|1706143591|gb|TRV63823.1|,Microcystis,panniformis,11,domains,Bacteria,Cyanobacteria,Cyanophyceae
zzzz347,gi|1706130117|gb|TRV51216.1| Microcystis panniformis 11 domains,,373,gi|1706130117|gb|TRV51216.1|,Microcystis,panniformis,11,domains,Bacteria,Cyanobacteria,Cyanophyceae
zzzz349,gi|1706125798|gb|TRV47192.1| Microcystis panniformis 15 domains,,377,gi|1706125798|gb|TRV47192.1|,Microcystis,panniformis,15,domains,Bacteria,Cyanobacteria,Cyanophyceae
zzzz352,gi|1706143592|gb|TRV63824.1| Microcystis panniformis 15 domains,,377,gi|1706143592|gb|TRV63824.1|,Microcystis,panniformis,15,domains,Bacteria,Cyanobacteria,Cyanophyceae
zzzz358,gi|1909833358|ref|WP_190711821.1| Anabaena lutea 3 domains,,398,gi|1909833358|ref|WP_190711821.1|,Anabaena,lutea,3,domains,Bacteria,Cyanobacteria,Cyanophyceae
zzzz359,gi|1909838249|ref|WP_190716635.1| Anabaena lutea 3 domains,,203,gi|1909838249|ref|WP_190716635.1|,Anabaena,lutea,3,domains,Bacteria,Cyanobacteria,Cyanophyceae
zzzz360,gi|1951847915|ref|WP_199306724.1| Anabaena sphaerica 2 domains,,398,gi|1951847915|ref|WP_199306724.1|,Anabaena,sphaerica,2,domains,Bacteria,Cyanobacteria,Cyanophyceae
zzzz361,gi|1909677557|ref|WP_190561274.1| Anabaena sphaerica 3 domains,,398,gi|1909677557|ref|WP_190561274.1|,Anabaena,sphaerica,3,domains,Bacteria,Cyanobacteria,Cyanophyceae
zzzz362,gi|1909675424|ref|WP_190559141.1| Anabaena sphaerica 6 domains,,376,gi|1909675424|ref|WP_190559141.1|,Anabaena,sphaerica,6,domains,Bacteria,Cyanobacteria,Cyanophyceae
zzzz363,gi|1910040393|ref|WP_190907917.1| Anabaena catenula 2 domains,,182,gi|1910040393|ref|WP_190907917.1|,Anabaena,catenula,2,domains,Bacteria,Cyanobacteria,Cyanophyceae
zzzz364,gi|1951873853|ref|WP_199332662.1| Anabaena catenula 2 domains,,387,gi|1951873853|ref|WP_199332662.1|,Anabaena,catenula,2,domains,Bacteria,Cyanobacteria,Cyanophyceae
zzzz365,gi|1910037515|ref|WP_190905039.1| Anabaena catenula 6 domains,,377,gi|1910037515|ref|WP_190905039.1|,Anabaena,catenula,6,domains,Bacteria,Cyanobacteria,Cyanophyceae
zzzz366,gi|1910040584|ref|WP_190908108.1| Anabaena catenula 3 domains,,397,gi|1910040584|ref|WP_190908108.1|,Anabaena,catenula,3,domains,Bacteria,Cyanobacteria,Cyanophyceae
zzzz375,gi|1705937141|gb|TRT70605.1| Microcystis sp. 5 domains,,405,gi|1705937141|gb|TRT70605.1|,Microcystis,sp.,5,domains,Bacteria,Cyanobacteria,Cyanophyceae
zzzz377,gi|1705945570|gb|TRT78256.1| Microcystis sp. 6 domains,,407,gi|1705945570|gb|TRT78256.1|,Microcystis,sp.,6,domains,Bacteria,Cyanobacteria,Cyanophyceae
zzzz378,gi|1705923104|gb|TRT57516.1| Microcystis sp. 15 domains,,377,gi|1705923104|gb|TRT57516.1|,Microcystis,sp.,15,domains,Bacteria,Cyanobacteria,Cyanophyceae
zzzz381,gi|1705923103|gb|TRT57515.1| Microcystis sp. 11 domains,,373,gi|1705923103|gb|TRT57515.1|,Microcystis,sp.,11,domains,Bacteria,Cyanobacteria,Cyanophyceae
zzzz383,gi|1705942248|gb|TRT75262.1| Microcystis sp. 11 domains,,373,gi|1705942248|gb|TRT75262.1|,Microcystis,sp.,11,domains,Bacteria,Cyanobacteria,Cyanophyceae
zzzz384,gi|1388900890|ref|WP_108936700.1| Microcystis sp. 5 domains,,400,gi|1388900890|ref|WP_108936700.1|,Microcystis,sp.,5,domains,Bacteria,Cyanobacteria,Cyanophyceae
zzzz388,gi|1705942246|gb|TRT75260.1| Microcystis sp. 9 domains,,385,gi|1705942246|gb|TRT75260.1|,Microcystis,sp.,9,domains,Bacteria,Cyanobacteria,Cyanophyceae
zzzz393,gi|1928438510|ref|WP_193958714.1| Microcystis sp. 3 domains,,411,gi|1928438510|ref|WP_193958714.1|,Microcystis,sp.,3,domains,Bacteria,Cyanobacteria,Cyanophyceae
zzzzz10,gi|1909581585|ref|WP_190467952.1| Anabaena azotica 6 domains,,376,gi|1909581585|ref|WP_190467952.1|,Anabaena,azotica,6,domains,Bacteria,Cyanobacteria,Cyanophyceae
zzzzz20,gi|1361087848|ref|WP_106287763.1| Merismopedia glauca 6 domains,,408,gi|1361087848|ref|WP_106287763.1|,Merismopedia,glauca,6,domains,Bacteria,Cyanobacteria,Cyanophyceae
zzzzz21,gi|1361090430|ref|WP_106290345.1| Merismopedia glauca 4 domains,,384,gi|1361090430|ref|WP_106290345.1|,Merismopedia,glauca,4,domains,Bacteria,Cyanobacteria,Cyanophyceae
zzzzz24,gi|1361087847|ref|WP_106287762.1| Merismopedia glauca 3 domains,,375,gi|1361087847|ref|WP_106287762.1|,Merismopedia,glauca,3,domains,Bacteria,Cyanobacteria,Cyanophyceae
zzzzz26,gi|1361089203|ref|WP_106289118.1| Merismopedia glauca 3 domains,,371,gi|1361089203|ref|WP_106289118.1|,Merismopedia,glauca,3,domains,Bacteria,Cyanobacteria,Cyanophyceae
zzzzz27,gi|499932462|ref|WP_011613196.1| Trichodesmium erythraeum 6 domains,,378,gi|499932462|ref|WP_011613196.1|,Trichodesmium,erythraeum,6,domains,Bacteria,Cyanobacteria,Cyanophyceae
zzzzz28,gi|499932461|ref|WP_011613195.1| Trichodesmium erythraeum 7 domains,,378,gi|499932461|ref|WP_011613195.1|,Trichodesmium,erythraeum,7,domains,Bacteria,Cyanobacteria,Cyanophyceae
zzzzz31,gi|499932459|ref|WP_011613193.1| Trichodesmium erythraeum 9 domains,,380,gi|499932459|ref|WP_011613193.1|,Trichodesmium,erythraeum,9,domains,Bacteria,Cyanobacteria,Cyanophyceae
zzzzz36,gi|515518786|ref|WP_016952040.1| Anabaena sp. 8 domains,,407,gi|515518786|ref|WP_016952040.1|,Anabaena,sp.,8,domains,Bacteria,Cyanobacteria,Cyanophyceae
zzzzz39,gi|515520518|ref|WP_016953772.1| Anabaena sp. 8 domains,,381,gi|515520518|ref|WP_016953772.1|,Anabaena,sp.,8,domains,Bacteria,Cyanobacteria,Cyanophyceae
zzzzz43,gi|1832801958|ref|WP_168534930.1| Anabaena sp. 3 domains,,398,gi|1832801958|ref|WP_168534930.1|,Anabaena,sp.,3,domains,Bacteria,Cyanobacteria,Cyanophyceae
zzzzz45,gi|1909506214|ref|WP_190396337.1| Anabaena sp. 3 domains,,398,gi|1909506214|ref|WP_190396337.1|,Anabaena,sp.,3,domains,Bacteria,Cyanobacteria,Cyanophyceae
zzzzz53,gi|752818398|ref|WP_041457612.1| Anabaena sp. 7 domains,,404,gi|752818398|ref|WP_041457612.1|,Anabaena,sp.,7,domains,Bacteria,Cyanobacteria,Cyanophyceae
zzzzz54,gi|515515845|ref|WP_016949099.1| Anabaena sp. 5 domains,,377,gi|515515845|ref|WP_016949099.1|,Anabaena,sp.,5,domains,Bacteria,Cyanobacteria,Cyanophyceae
zzzzz58,gi|1832805661|ref|WP_168538622.1| Anabaena sp. 4 domains,,375,gi|1832805661|ref|WP_168538622.1|,Anabaena,sp.,4,domains,Bacteria,Cyanobacteria,Cyanophyceae
zzzzz62,gi|1832805667|ref|WP_168538628.1| Anabaena sp. 5 domains,,376,gi|1832805667|ref|WP_168538628.1|,Anabaena,sp.,5,domains,Bacteria,Cyanobacteria,Cyanophyceae
zzzzz64,gi|515516765|ref|WP_016950019.1| Anabaena sp. 4 domains,,403,gi|515516765|ref|WP_016950019.1|,Anabaena,sp.,4,domains,Bacteria,Cyanobacteria,Cyanophyceae
zzzzz67,gi|1832805657|ref|WP_168538618.1| Anabaena sp. 4 domains,,377,gi|1832805657|ref|WP_168538618.1|,Anabaena,sp.,4,domains,Bacteria,Cyanobacteria,Cyanophyceae
zzzzz71,gi|1909818288|ref|WP_190697176.1| Anabaena minutissima 3 domains,,392,gi|1909818288|ref|WP_190697176.1|,Anabaena,minutissima,3,domains,Bacteria,Cyanobacteria,Cyanophyceae
zzzzz72,gi|1909818713|ref|WP_190697601.1| Anabaena minutissima 3 domains,,410,gi|1909818713|ref|WP_190697601.1|,Anabaena,minutissima,3,domains,Bacteria,Cyanobacteria,Cyanophyceae
zzzzz74,gi|1951860650|ref|WP_199319459.1| Anabaena minutissima 2 domains,,350,gi|1951860650|ref|WP_199319459.1|,Anabaena,minutissima,2,domains,Bacteria,Cyanobacteria,Cyanophyceae
zzzzz75,gi|1747405362|ref|WP_149979143.1| Microcystis aeruginosa 8 domains,,375,gi|1747405362|ref|WP_149979143.1|,Microcystis,aeruginosa,8,domains,Bacteria,Cyanobacteria,Cyanophyceae
zzzzz76,gi|1402688976|ref|WP_110577715.1| Microcystis aeruginosa 9 domains,,385,gi|1402688976|ref|WP_110577715.1|,Microcystis,aeruginosa,9,domains,Bacteria,Cyanobacteria,Cyanophyceae
zzzzz77,gi|640535181|ref|WP_024968820.1| Microcystis aeruginosa 11 domains,,375,gi|640535181|ref|WP_024968820.1|,Microcystis,aeruginosa,11,domains,Bacteria,Cyanobacteria,Cyanophyceae
zzzzz78,gi|1402649662|ref|WP_110546077.1| Microcystis aeruginosa 6 domains,,368,gi|1402649662|ref|WP_110546077.1|,Microcystis,aeruginosa,6,domains,Bacteria,Cyanobacteria,Cyanophyceae
zzzzz79,gi|1706035337|gb|TRU62151.1| Microcystis aeruginosa 5 domains,,405,gi|1706035337|gb|TRU62151.1|,Microcystis,aeruginosa,5,domains,Bacteria,Cyanobacteria,Cyanophyceae
zzzzz80,gi|1705997074|gb|TRU26535.1| Microcystis aeruginosa 7 domains,,376,gi|1705997074|gb|TRU26535.1|,Microcystis,aeruginosa,7,domains,Bacteria,Cyanobacteria,Cyanophyceae
zzzzz86,gi|1740633034|ref|WP_149107225.1| Microcystis aeruginosa 6 domains,,372,gi|1740633034|ref|WP_149107225.1|,Microcystis,aeruginosa,6,domains,Bacteria,Cyanobacteria,Cyanophyceae
zzzzz88,gi|1705978633|gb|TRU09092.1| Microcystis aeruginosa 11 domains,,366,gi|1705978633|gb|TRU09092.1|,Microcystis,aeruginosa,11,domains,Bacteria,Cyanobacteria,Cyanophyceae
zzzzz89,gi|1334966879|ref|WP_103111554.1| Microcystis aeruginosa 15 domains,,377,gi|1334966879|ref|WP_103111554.1|,Microcystis,aeruginosa,15,domains,Bacteria,Cyanobacteria,Cyanophyceae
zzzzz91,gi|1733587002|dbj|GCA87397.1| Microcystis aeruginosa 8 domains,,375,gi|1733587002|dbj|GCA87397.1|,Microcystis,aeruginosa,8,domains,Bacteria,Cyanobacteria,Cyanophyceae
zzzzz93,gi|1690530554|ref|WP_139374366.1| Microcystis aeruginosa 5 domains,,410,gi|1690530554|ref|WP_139374366.1|,Microcystis,aeruginosa,5,domains,Bacteria,Cyanobacteria,Cyanophyceae
zzzzz98,gi|1705950422|gb|TRT82634.1| Microcystis aeruginosa 9 domains,,385,gi|1705950422|gb|TRT82634.1|,Microcystis,aeruginosa,9,domains,Bacteria,Cyanobacteria,Cyanophyceae
zzzzz99,gi|1334967573|ref|WP_103112245.1| Microcystis aeruginosa 3 domains,,411,gi|1334967573|ref|WP_103112245.1|,Microcystis,aeruginosa,3,domains,Bacteria,Cyanobacteria,Cyanophyceae
zzzzzz4,gi|2065822666|gb|KAG7590165.1| Arabidopsis suecica 2 domains,,368,gi|2065822666|gb|KAG7590165.1|,Arabidopsis,suecica,2,domains,Viridiplantae,Streptophyta,Magnoliopsida
zzzzzz5,gi|2065767661|gb|KAG7536206.1| Arabidopsis suecica 2 domains,,367,gi|2065767661|gb|KAG7536206.1|,Arabidopsis,suecica,2,domains,Viridiplantae,Streptophyta,Magnoliopsida
zzzzzz6,gi|2065822665|gb|KAG7590164.1| Arabidopsis suecica 2 domains,,368,gi|2065822665|gb|KAG7590164.1|,Arabidopsis,suecica,2,domains,Viridiplantae,Streptophyta,Magnoliopsida
zzzzzz8,gi|1909586897|ref|WP_190473264.1| Anabaena azotica 3 domains,,397,gi|1909586897|ref|WP_190473264.1|,Anabaena,azotica,3,domains,Bacteria,Cyanobacteria,Cyanophyceae
zzzzzz9,gi|1909593066|ref|WP_190479175.1| Anabaena azotica 2 domains,,363,gi|1909593066|ref|WP_190479175.1|,Anabaena,azotica,2,domains,Bacteria,Cyanobacteria,Cyanophyceae
